Category,Link
Pakistan,https://www.bbc.com/urdu/sport-60189498
Pakistan,https://www.bbc.com/urdu/pakistan-60188228
Pakistan,https://www.bbc.com/urdu/pakistan-60188778
Pakistan,https://www.bbc.com/urdu/pakistan-60186867
Pakistan,https://www.bbc.com/urdu/pakistan-60185644
Pakistan,https://www.bbc.com/urdu/pakistan-60182150
Pakistan,https://www.bbc.com/urdu/pakistan-60186862
Pakistan,https://www.bbc.com/urdu/pakistan-60185643
Pakistan,https://www.bbc.com/urdu/sport-60182839
Pakistan,https://www.bbc.com/urdu/pakistan-60182840
Pakistan,https://www.bbc.com/urdu/pakistan-60180097
Pakistan,https://www.bbc.com/urdu/pakistan-60106346
Pakistan,https://www.bbc.com/urdu/pakistan-60175314
Pakistan,https://www.bbc.com/urdu/entertainment-60173682
Pakistan,https://www.bbc.com/urdu/pakistan-60173681
Pakistan,https://www.bbc.com/urdu/pakistan-60164717
Pakistan,https://www.bbc.com/urdu/pakistan-60079652
Pakistan,https://www.bbc.com/urdu/regional-60165965
Pakistan,https://www.bbc.com/urdu/pakistan-60156341
Pakistan,https://www.bbc.com/urdu/pakistan-60156340
Pakistan,https://www.bbc.com/urdu/pakistan-60156339
Pakistan,https://www.bbc.com/urdu/entertainment-60154505
Pakistan,https://www.bbc.com/urdu/pakistan-59678778
Pakistan,https://www.bbc.com/urdu/pakistan-60149314
Pakistan,https://www.bbc.com/urdu/pakistan-60143486
Pakistan,https://www.bbc.com/urdu/world-60143485
Pakistan,https://www.bbc.com/urdu/pakistan-60143481
Pakistan,https://www.bbc.com/urdu/pakistan-60143898
Pakistan,https://www.bbc.com/urdu/pakistan-60143480
Pakistan,https://www.bbc.com/urdu/regional-60122875
Pakistan,https://www.bbc.com/urdu/pakistan-60134562
Pakistan,https://www.bbc.com/urdu/sport-60113825
Pakistan,https://www.bbc.com/urdu/pakistan-60122255
Pakistan,https://www.bbc.com/urdu/pakistan-60113060
Pakistan,https://www.bbc.com/urdu/pakistan-60122520
Pakistan,https://www.bbc.com/urdu/pakistan-60108138
Pakistan,https://www.bbc.com/urdu/pakistan-60122201
Pakistan,https://www.bbc.com/urdu/pakistan-60110609
Pakistan,https://www.bbc.com/urdu/pakistan-60111606
Pakistan,https://www.bbc.com/urdu/world-40549350
Pakistan,https://www.bbc.com/urdu/pakistan-59890758
Pakistan,https://www.bbc.com/urdu/vert-tra-60106349
Pakistan,https://www.bbc.com/urdu/pakistan-60103363
Pakistan,https://www.bbc.com/urdu/pakistan-60103364
Pakistan,https://www.bbc.com/urdu/pakistan-60100085
Pakistan,https://www.bbc.com/urdu/sport-60100986
Pakistan,https://www.bbc.com/urdu/pakistan-60100086
Pakistan,https://www.bbc.com/urdu/pakistan-60100089
Pakistan,https://www.bbc.com/urdu/pakistan-60035343
Pakistan,https://www.bbc.com/urdu/pakistan-60079651
Pakistan,https://www.bbc.com/urdu/pakistan-60100087
Pakistan,https://www.bbc.com/urdu/pakistan-60097420
Pakistan,https://www.bbc.com/urdu/pakistan-60079650
Pakistan,https://www.bbc.com/urdu/pakistan-60091978
Pakistan,https://www.bbc.com/urdu/entertainment-60091980
Pakistan,https://www.bbc.com/urdu/pakistan-60091555
Pakistan,https://www.bbc.com/urdu/pakistan-60091979
Pakistan,https://www.bbc.com/urdu/pakistan-60075215
Pakistan,https://www.bbc.com/urdu/world-60091981
Pakistan,https://www.bbc.com/urdu/pakistan-60079259
Pakistan,https://www.bbc.com/urdu/pakistan-60077499
Pakistan,https://www.bbc.com/urdu/pakistan-60058767
Pakistan,https://www.bbc.com/urdu/pakistan-60077497
Pakistan,https://www.bbc.com/urdu/pakistan-60077496
Pakistan,https://www.bbc.com/urdu/pakistan-60053909
Pakistan,https://www.bbc.com/urdu/pakistan-60055660
Pakistan,https://www.bbc.com/urdu/pakistan-60071044
Pakistan,https://www.bbc.com/urdu/pakistan-60068182
Pakistan,https://www.bbc.com/urdu/pakistan-60064307
Pakistan,https://www.bbc.com/urdu/pakistan-60055658
Pakistan,https://www.bbc.com/urdu/pakistan-60019787
Pakistan,https://www.bbc.com/urdu/pakistan-60059914
Pakistan,https://www.bbc.com/urdu/pakistan-60059017
Pakistan,https://www.bbc.com/urdu/pakistan-60055044
Pakistan,https://www.bbc.com/urdu/pakistan-60055186
Pakistan,https://www.bbc.com/urdu/pakistan-60050025
Pakistan,https://www.bbc.com/urdu/pakistan-60041877
Pakistan,https://www.bbc.com/urdu/pakistan-60036608
Pakistan,https://www.bbc.com/urdu/entertainment-60013576
Pakistan,https://www.bbc.com/urdu/pakistan-60041707
Pakistan,https://www.bbc.com/urdu/pakistan-60034537
Pakistan,https://www.bbc.com/urdu/entertainment-60023347
Pakistan,https://www.bbc.com/urdu/pakistan-60034600
Pakistan,https://www.bbc.com/urdu/pakistan-60020352
Pakistan,https://www.bbc.com/urdu/pakistan-60025971
Pakistan,https://www.bbc.com/urdu/pakistan-60020351
Pakistan,https://www.bbc.com/urdu/pakistan-60025970
Pakistan,https://www.bbc.com/urdu/entertainment-60019786
Pakistan,https://www.bbc.com/urdu/pakistan-59992330
Pakistan,https://www.bbc.com/urdu/pakistan-60014743
Pakistan,https://www.bbc.com/urdu/pakistan-59991426
Pakistan,https://www.bbc.com/urdu/pakistan-59991333
Pakistan,https://www.bbc.com/urdu/pakistan-60013535
Pakistan,https://www.bbc.com/urdu/pakistan-60008721
Pakistan,https://www.bbc.com/urdu/entertainment-60007270
Aaas Paas,https://www.bbc.com/urdu/regional-60117373
Aaas Paas,https://www.bbc.com/urdu/pakistan-60185643
Aaas Paas,https://www.bbc.com/urdu/world-60143593
Aaas Paas,https://www.bbc.com/urdu/regional-60179946
Aaas Paas,https://www.bbc.com/urdu/entertainment-60172962
Aaas Paas,https://www.bbc.com/urdu/regional-60172961
Aaas Paas,https://www.bbc.com/urdu/world-60172474
Aaas Paas,https://www.bbc.com/urdu/entertainment-60143899
Aaas Paas,https://www.bbc.com/urdu/pakistan-60173681
Aaas Paas,https://www.bbc.com/urdu/regional-60166026
Aaas Paas,https://www.bbc.com/urdu/regional-60165965
Aaas Paas,https://www.bbc.com/urdu/entertainment-60159051
Aaas Paas,https://www.bbc.com/urdu/regional-60137567
Aaas Paas,https://www.bbc.com/urdu/world-60159046
Aaas Paas,https://www.bbc.com/urdu/regional-60156985
Aaas Paas,https://www.bbc.com/urdu/regional-60145667
Aaas Paas,https://www.bbc.com/urdu/world-60145668
Aaas Paas,https://www.bbc.com/urdu/world-60133448
Aaas Paas,https://www.bbc.com/urdu/regional-60137568
Aaas Paas,https://www.bbc.com/urdu/regional-60136943
Aaas Paas,https://www.bbc.com/urdu/regional-60122875
Aaas Paas,https://www.bbc.com/urdu/regional-60130210
Aaas Paas,https://www.bbc.com/urdu/entertainment-60130804
Aaas Paas,https://www.bbc.com/urdu/regional-60122874
Aaas Paas,https://www.bbc.com/urdu/regional-60123401
Aaas Paas,https://www.bbc.com/urdu/regional-60122873
Aaas Paas,https://www.bbc.com/urdu/vert-tra-59128453
Aaas Paas,https://www.bbc.com/urdu/world-60107454
Aaas Paas,https://www.bbc.com/urdu/pakistan-60108138
Aaas Paas,https://www.bbc.com/urdu/regional-60107706
Aaas Paas,https://www.bbc.com/urdu/regional-60107705
Aaas Paas,https://www.bbc.com/urdu/regional-60104619
Aaas Paas,https://www.bbc.com/urdu/pakistan-60103363
Aaas Paas,https://www.bbc.com/urdu/regional-60101390
Aaas Paas,https://www.bbc.com/urdu/regional-60098250
Aaas Paas,https://www.bbc.com/urdu/world-60091287
Aaas Paas,https://www.bbc.com/urdu/world-60079348
Aaas Paas,https://www.bbc.com/urdu/regional-60094428
Aaas Paas,https://www.bbc.com/urdu/entertainment-60091980
Aaas Paas,https://www.bbc.com/urdu/regional-60086779
Aaas Paas,https://www.bbc.com/urdu/regional-60087246
Aaas Paas,https://www.bbc.com/urdu/regional-60046646
Aaas Paas,https://www.bbc.com/urdu/regional-60071045
Aaas Paas,https://www.bbc.com/urdu/regional-60077498
Aaas Paas,https://www.bbc.com/urdu/regional-60057690
Aaas Paas,https://www.bbc.com/urdu/regional-59962799
Aaas Paas,https://www.bbc.com/urdu/regional-60057686
Aaas Paas,https://www.bbc.com/urdu/regional-60047793
Aaas Paas,https://www.bbc.com/urdu/sport-60046643
Aaas Paas,https://www.bbc.com/urdu/regional-60052041
Aaas Paas,https://www.bbc.com/urdu/regional-60047593
Aaas Paas,https://www.bbc.com/urdu/regional-60020737
Aaas Paas,https://www.bbc.com/urdu/world-60047792
Aaas Paas,https://www.bbc.com/urdu/entertainment-60013576
Aaas Paas,https://www.bbc.com/urdu/regional-60034533
Aaas Paas,https://www.bbc.com/urdu/regional-60035169
Aaas Paas,https://www.bbc.com/urdu/regional-60020353
Aaas Paas,https://www.bbc.com/urdu/entertainment-60023347
Aaas Paas,https://www.bbc.com/urdu/regional-60020726
Aaas Paas,https://www.bbc.com/urdu/regional-60020736
Aaas Paas,https://www.bbc.com/urdu/world-60023346
Aaas Paas,https://www.bbc.com/urdu/sport-60020735
Aaas Paas,https://www.bbc.com/urdu/entertainment-59995126
Aaas Paas,https://www.bbc.com/urdu/pakistan-59975627
Aaas Paas,https://www.bbc.com/urdu/sport-60013575
Aaas Paas,https://www.bbc.com/urdu/pakistan-59991333
Aaas Paas,https://www.bbc.com/urdu/entertainment-59991647
Aaas Paas,https://www.bbc.com/urdu/regional-60004211
Aaas Paas,https://www.bbc.com/urdu/science-59997838
Aaas Paas,https://www.bbc.com/urdu/world-59991421
Aaas Paas,https://www.bbc.com/urdu/regional-59985693
Aaas Paas,https://www.bbc.com/urdu/pakistan-59989610
Aaas Paas,https://www.bbc.com/urdu/pakistan-59985457
Aaas Paas,https://www.bbc.com/urdu/pakistan-59953629
Aaas Paas,https://www.bbc.com/urdu/pakistan-59951799
Aaas Paas,https://www.bbc.com/urdu/world-59973031
Aaas Paas,https://www.bbc.com/urdu/world-56049245
Aaas Paas,https://www.bbc.com/urdu/regional-59967817
Aaas Paas,https://www.bbc.com/urdu/regional-59968861
Aaas Paas,https://www.bbc.com/urdu/regional-59968859
Aaas Paas,https://www.bbc.com/urdu/entertainment-59962829
Aaas Paas,https://www.bbc.com/urdu/regional-59954933
Aaas Paas,https://www.bbc.com/urdu/science-59935730
Aaas Paas,https://www.bbc.com/urdu/regional-59922807
Aaas Paas,https://www.bbc.com/urdu/regional-59945220
Aaas Paas,https://www.bbc.com/urdu/regional-59940206
Aaas Paas,https://www.bbc.com/urdu/regional-59898719
Aaas Paas,https://www.bbc.com/urdu/regional-59936010
Aaas Paas,https://www.bbc.com/urdu/regional-59929116
Aaas Paas,https://www.bbc.com/urdu/regional-59925421
Aaas Paas,https://www.bbc.com/urdu/regional-59915879
Aaas Paas,https://www.bbc.com/urdu/regional-59919829
Aaas Paas,https://www.bbc.com/urdu/world-59919670
Aaas Paas,https://www.bbc.com/urdu/regional-59867867
Aaas Paas,https://www.bbc.com/urdu/regional-59910877
Aaas Paas,https://www.bbc.com/urdu/pakistan-59903387
Aaas Paas,https://www.bbc.com/urdu/regional-59890756
World,https://www.bbc.com/urdu/world-60179947
World,https://www.bbc.com/urdu/world-60173221
World,https://www.bbc.com/urdu/world-60180318
World,https://www.bbc.com/urdu/science-60143591
World,https://www.bbc.com/urdu/world-60079618
World,https://www.bbc.com/urdu/world-60179856
World,https://www.bbc.com/urdu/world-60177490
World,https://www.bbc.com/urdu/world-60174108
World,https://www.bbc.com/urdu/world-60172474
World,https://www.bbc.com/urdu/world-60165855
World,https://www.bbc.com/urdu/world-60166025
World,https://www.bbc.com/urdu/world-60159046
World,https://www.bbc.com/urdu/world-60117378
World,https://www.bbc.com/urdu/world-60157356
World,https://www.bbc.com/urdu/regional-60145667
World,https://www.bbc.com/urdu/world-60130802
World,https://www.bbc.com/urdu/vert-fut-60136944
World,https://www.bbc.com/urdu/world-60137094
World,https://www.bbc.com/urdu/world-60143068
World,https://www.bbc.com/urdu/world-60107453
World,https://www.bbc.com/urdu/world-60143485
World,https://www.bbc.com/urdu/world-60145668
World,https://www.bbc.com/urdu/world-49863556
World,https://www.bbc.com/urdu/science-60132166
World,https://www.bbc.com/urdu/regional-60136943
World,https://www.bbc.com/urdu/science-60115903
World,https://www.bbc.com/urdu/world-60134557
World,https://www.bbc.com/urdu/entertainment-60115907
World,https://www.bbc.com/urdu/world-60134561
World,https://www.bbc.com/urdu/world-60116102
World,https://www.bbc.com/urdu/regional-60123401
World,https://www.bbc.com/urdu/world-60107454
World,https://www.bbc.com/urdu/world-60120083
World,https://www.bbc.com/urdu/world-60116100
World,https://www.bbc.com/urdu/world-60095576
World,https://www.bbc.com/urdu/world-60107456
World,https://www.bbc.com/urdu/world-60101391
World,https://www.bbc.com/urdu/pakistan-60103363
World,https://www.bbc.com/urdu/60104984
World,https://www.bbc.com/urdu/world-60100930
World,https://www.bbc.com/urdu/world-60100979
World,https://www.bbc.com/urdu/world-60100088
World,https://www.bbc.com/urdu/world-60091287
World,https://www.bbc.com/urdu/vert-tra-59863073
World,https://www.bbc.com/urdu/world-60079348
World,https://www.bbc.com/urdu/world-60087247
World,https://www.bbc.com/urdu/world-60087248
World,https://www.bbc.com/urdu/world-60091981
World,https://www.bbc.com/urdu/world-60079619
World,https://www.bbc.com/urdu/world-60079257
World,https://www.bbc.com/urdu/pakistan-60079648
World,https://www.bbc.com/urdu/world-60046645
World,https://www.bbc.com/urdu/world-60063025
World,https://www.bbc.com/urdu/world-60071987
World,https://www.bbc.com/urdu/science-60055045
World,https://www.bbc.com/urdu/pakistan-60019787
World,https://www.bbc.com/urdu/world-60064502
World,https://www.bbc.com/urdu/world-60035170
World,https://www.bbc.com/urdu/world-60063026
World,https://www.bbc.com/urdu/world-60031938
World,https://www.bbc.com/urdu/pakistan-60041877
World,https://www.bbc.com/urdu/sport-60036607
World,https://www.bbc.com/urdu/world-60047792
World,https://www.bbc.com/urdu/world-60045890
World,https://www.bbc.com/urdu/science-60045296
World,https://www.bbc.com/urdu/world-60032916
World,https://www.bbc.com/urdu/world-60023655
World,https://www.bbc.com/urdu/world-60020929
World,https://www.bbc.com/urdu/sport-60032915
World,https://www.bbc.com/urdu/world-60034530
World,https://www.bbc.com/urdu/world-60032912
World,https://www.bbc.com/urdu/world-60028476
World,https://www.bbc.com/urdu/world-60023346
World,https://www.bbc.com/urdu/world-59953630
World,https://www.bbc.com/urdu/world-60012313
World,https://www.bbc.com/urdu/pakistan-59975627
World,https://www.bbc.com/urdu/world-60012314
World,https://www.bbc.com/urdu/world-59922804
World,https://www.bbc.com/urdu/world-60009677
World,https://www.bbc.com/urdu/world-59991221
World,https://www.bbc.com/urdu/world-60006802
World,https://www.bbc.com/urdu/regional-60004211
World,https://www.bbc.com/urdu/world-60004207
World,https://www.bbc.com/urdu/science-59991656
World,https://www.bbc.com/urdu/world-59987257
World,https://www.bbc.com/urdu/world-59989606
World,https://www.bbc.com/urdu/world-59969224
World,https://www.bbc.com/urdu/world-59986208
World,https://www.bbc.com/urdu/world-59976227
World,https://www.bbc.com/urdu/world-56049245
World,https://www.bbc.com/urdu/science-59962830
World,https://www.bbc.com/urdu/science-59935730
World,https://www.bbc.com/urdu/world-59867862
World,https://www.bbc.com/urdu/world-59958249
World,https://www.bbc.com/urdu/world-59948369
World,https://www.bbc.com/urdu/science-59948063
World,https://www.bbc.com/urdu/science-59940209
World,https://www.bbc.com/urdu/world-59922806
World,https://www.bbc.com/urdu/world-59941168
World,https://www.bbc.com/urdu/regional-59936009
Khel,https://www.bbc.com/urdu/sport-60189498
Khel,https://www.bbc.com/urdu/sport-60182839
Khel,https://www.bbc.com/urdu/pakistan-60175314
Khel,https://www.bbc.com/urdu/sport-60120082
Khel,https://www.bbc.com/urdu/sport-60158564
Khel,https://www.bbc.com/urdu/sport-60152855
Khel,https://www.bbc.com/urdu/sport-60113825
Khel,https://www.bbc.com/urdu/sport-60122251
Khel,https://www.bbc.com/urdu/sport-60122254
Khel,https://www.bbc.com/urdu/sport-60120081
Khel,https://www.bbc.com/urdu/sport-60055193
Khel,https://www.bbc.com/urdu/sport-60103943
Khel,https://www.bbc.com/urdu/sport-60100986
Khel,https://www.bbc.com/urdu/pakistan-60055658
Khel,https://www.bbc.com/urdu/sport-60046643
Khel,https://www.bbc.com/urdu/sport-60032915
Khel,https://www.bbc.com/urdu/sport-60020735
Khel,https://www.bbc.com/urdu/world-59922804
Khel,https://www.bbc.com/urdu/sport-60013575
Khel,https://www.bbc.com/urdu/sport-59943744
Khel,https://www.bbc.com/urdu/sport-59987254
Khel,https://www.bbc.com/urdu/sport-59975626
Khel,https://www.bbc.com/urdu/sport-59890757
Khel,https://www.bbc.com/urdu/sport-59876924
Khel,https://www.bbc.com/urdu/sport-59856477
Khel,https://www.bbc.com/urdu/pakistan-59836779
Khel,https://www.bbc.com/urdu/sport-59847582
Khel,https://www.bbc.com/urdu/sport-59826024
Khel,https://www.bbc.com/urdu/sport-59835470
Khel,https://www.bbc.com/urdu/sport-59815682
Khel,https://www.bbc.com/urdu/sport-59740262
Khel,https://www.bbc.com/urdu/sport-59740257
Khel,https://www.bbc.com/urdu/sport-59724476
Khel,https://www.bbc.com/urdu/sport-59690279
Khel,https://www.bbc.com/urdu/sport-59678777
Khel,https://www.bbc.com/urdu/sport-59669892
Khel,https://www.bbc.com/urdu/sport-59656733
Khel,https://www.bbc.com/urdu/sport-59647694
Khel,https://www.bbc.com/urdu/sport-59636788
Khel,https://www.bbc.com/urdu/sport-59643733
Khel,https://www.bbc.com/urdu/sport-59634012
Khel,https://www.bbc.com/urdu/sport-59604840
Khel,https://www.bbc.com/urdu/sport-59595995
Khel,https://www.bbc.com/urdu/sport-59556992
Khel,https://www.bbc.com/urdu/sport-59556991
Khel,https://www.bbc.com/urdu/sport-59561260
Khel,https://www.bbc.com/urdu/sport-59557326
Khel,https://www.bbc.com/urdu/59531027
Khel,https://www.bbc.com/urdu/sport-59428977
Khel,https://www.bbc.com/urdu/sport-59480422
Khel,https://www.bbc.com/urdu/sport-59473624
Khel,https://www.bbc.com/urdu/sport-59472065
Khel,https://www.bbc.com/urdu/sport-59462381
Khel,https://www.bbc.com/urdu/sport-59452551
Khel,https://www.bbc.com/urdu/sport-59445503
Khel,https://www.bbc.com/urdu/sport-59450476
Khel,https://www.bbc.com/urdu/sport-59439481
Khel,https://www.bbc.com/urdu/sport-59413514
Khel,https://www.bbc.com/urdu/sport-59418872
Khel,https://www.bbc.com/urdu/sport-59411919
Khel,https://www.bbc.com/urdu/world-59383673
Khel,https://www.bbc.com/urdu/sport-59378303
Khel,https://www.bbc.com/urdu/sport-59371181
Khel,https://www.bbc.com/urdu/sport-59368865
Khel,https://www.bbc.com/urdu/sport-59357868
Khel,https://www.bbc.com/urdu/sport-59359879
Khel,https://www.bbc.com/urdu/sport-48859021
Khel,https://www.bbc.com/urdu/sport-59348365
Khel,https://www.bbc.com/urdu/sport-59343285
Khel,https://www.bbc.com/urdu/sport-59343016
Khel,https://www.bbc.com/urdu/sport-59341506
Khel,https://www.bbc.com/urdu/sport-59341505
Khel,https://www.bbc.com/urdu/sport-59308342
Khel,https://www.bbc.com/urdu/sport-59286912
Khel,https://www.bbc.com/urdu/sport-59286910
Khel,https://www.bbc.com/urdu/sport-59286323
Khel,https://www.bbc.com/urdu/live/sport-59282124
Khel,https://www.bbc.com/urdu/sport-59274655
Khel,https://www.bbc.com/urdu/sport-59270110
Khel,https://www.bbc.com/urdu/sport-59259100
Khel,https://www.bbc.com/urdu/sport-59256511
Khel,https://www.bbc.com/urdu/sport-59256509
Khel,https://www.bbc.com/urdu/sport-59255538
Khel,https://www.bbc.com/urdu/live/sport-59249315
Khel,https://www.bbc.com/urdu/regional-59245403
Khel,https://www.bbc.com/urdu/sport-59245402
Khel,https://www.bbc.com/urdu/sport-59242595
Khel,https://www.bbc.com/urdu/sport-59242594
Khel,https://www.bbc.com/urdu/sport-59242592
Khel,https://www.bbc.com/urdu/live/sport-59236290
Khel,https://www.bbc.com/urdu/sport-59230059
Khel,https://www.bbc.com/urdu/sport-59212415
Khel,https://www.bbc.com/urdu/sport-59222930
Khel,https://www.bbc.com/urdu/sport-59210819
Khel,https://www.bbc.com/urdu/sport-59217063
Khel,https://www.bbc.com/urdu/sport-59212419
Khel,https://www.bbc.com/urdu/pakistan-59198244
Fun Funkar,https://www.bbc.com/urdu/entertainment-60172962
Fun Funkar,https://www.bbc.com/urdu/entertainment-60173682
Fun Funkar,https://www.bbc.com/urdu/entertainment-60143899
Fun Funkar,https://www.bbc.com/urdu/entertainment-60159051
Fun Funkar,https://www.bbc.com/urdu/entertainment-60152856
Fun Funkar,https://www.bbc.com/urdu/entertainment-60154505
Fun Funkar,https://www.bbc.com/urdu/entertainment-60149315
Fun Funkar,https://www.bbc.com/urdu/entertainment-60130804
Fun Funkar,https://www.bbc.com/urdu/entertainment-60055194
Fun Funkar,https://www.bbc.com/urdu/pakistan-60077499
Fun Funkar,https://www.bbc.com/urdu/pakistan-60068182
Fun Funkar,https://www.bbc.com/urdu/entertainment-60013576
Fun Funkar,https://www.bbc.com/urdu/world-60045890
Fun Funkar,https://www.bbc.com/urdu/entertainment-60023347
Fun Funkar,https://www.bbc.com/urdu/entertainment-60019786
Fun Funkar,https://www.bbc.com/urdu/entertainment-59995126
Fun Funkar,https://www.bbc.com/urdu/entertainment-59991647
Fun Funkar,https://www.bbc.com/urdu/entertainment-60007270
Fun Funkar,https://www.bbc.com/urdu/entertainment-59962829
Fun Funkar,https://www.bbc.com/urdu/pakistan-59933574
Fun Funkar,https://www.bbc.com/urdu/entertainment-59930592
Fun Funkar,https://www.bbc.com/urdu/entertainment-59931888
Fun Funkar,https://www.bbc.com/urdu/regional-59910877
Fun Funkar,https://www.bbc.com/urdu/entertainment-59865562
Fun Funkar,https://www.bbc.com/urdu/entertainment-59856659
Fun Funkar,https://www.bbc.com/urdu/entertainment-59807321
Fun Funkar,https://www.bbc.com/urdu/entertainment-59807674
Fun Funkar,https://www.bbc.com/urdu/entertainment-59799641
Fun Funkar,https://www.bbc.com/urdu/world-59793491
Fun Funkar,https://www.bbc.com/urdu/science-59740206
Fun Funkar,https://www.bbc.com/urdu/entertainment-59767259
Fun Funkar,https://www.bbc.com/urdu/entertainment-59770663
Fun Funkar,https://www.bbc.com/urdu/world-59737830
Fun Funkar,https://www.bbc.com/urdu/entertainment-59725877
Fun Funkar,https://www.bbc.com/urdu/world-59737829
Fun Funkar,https://www.bbc.com/urdu/entertainment-59729909
Fun Funkar,https://www.bbc.com/urdu/entertainment-59708556
Fun Funkar,https://www.bbc.com/urdu/entertainment-59676541
Fun Funkar,https://www.bbc.com/urdu/entertainment-59645818
Fun Funkar,https://www.bbc.com/urdu/entertainment-59640038
Fun Funkar,https://www.bbc.com/urdu/entertainment-59593484
Fun Funkar,https://www.bbc.com/urdu/pakistan-59619289
Fun Funkar,https://www.bbc.com/urdu/entertainment-59617180
Fun Funkar,https://www.bbc.com/urdu/entertainment-59597934
Fun Funkar,https://www.bbc.com/urdu/world-59556378
Fun Funkar,https://www.bbc.com/urdu/pakistan-59546418
Fun Funkar,https://www.bbc.com/urdu/entertainment-52736052
Fun Funkar,https://www.bbc.com/urdu/entertainment-59528084
Fun Funkar,https://www.bbc.com/urdu/entertainment-59507929
Fun Funkar,https://www.bbc.com/urdu/entertainment-59449805
Fun Funkar,https://www.bbc.com/urdu/entertainment-59432943
Fun Funkar,https://www.bbc.com/urdu/entertainment-59413465
Fun Funkar,https://www.bbc.com/urdu/entertainment-59407031
Fun Funkar,https://www.bbc.com/urdu/entertainment-59401126
Fun Funkar,https://www.bbc.com/urdu/entertainment-59373060
Fun Funkar,https://www.bbc.com/urdu/entertainment-59362889
Fun Funkar,https://www.bbc.com/urdu/entertainment-59204220
Fun Funkar,https://www.bbc.com/urdu/entertainment-59339425
Fun Funkar,https://www.bbc.com/urdu/regional-59328707
Fun Funkar,https://www.bbc.com/urdu/entertainment-59315727
Fun Funkar,https://www.bbc.com/urdu/entertainment-59287136
Fun Funkar,https://www.bbc.com/urdu/entertainment-59274315
Fun Funkar,https://www.bbc.com/urdu/entertainment-59275538
Fun Funkar,https://www.bbc.com/urdu/entertainment-59272618
Fun Funkar,https://www.bbc.com/urdu/entertainment-59238485
Fun Funkar,https://www.bbc.com/urdu/entertainment-59198034
Fun Funkar,https://www.bbc.com/urdu/pakistan-54863666
Fun Funkar,https://www.bbc.com/urdu/entertainment-59188470
Fun Funkar,https://www.bbc.com/urdu/vert-cul-59130182
Fun Funkar,https://www.bbc.com/urdu/entertainment-59132203
Fun Funkar,https://www.bbc.com/urdu/world-59108609
Fun Funkar,https://www.bbc.com/urdu/entertainment-59100599
Fun Funkar,https://www.bbc.com/urdu/regional-59079270
Fun Funkar,https://www.bbc.com/urdu/entertainment-59060350
Fun Funkar,https://www.bbc.com/urdu/pakistan-59004179
Fun Funkar,https://www.bbc.com/urdu/entertainment-58980320
Fun Funkar,https://www.bbc.com/urdu/entertainment-59012390
Fun Funkar,https://www.bbc.com/urdu/entertainment-59006827
Fun Funkar,https://www.bbc.com/urdu/entertainment-59005813
Fun Funkar,https://www.bbc.com/urdu/regional-58979216
Fun Funkar,https://www.bbc.com/urdu/entertainment-58944903
Fun Funkar,https://www.bbc.com/urdu/entertainment-58946967
Fun Funkar,https://www.bbc.com/urdu/entertainment-58892449
Fun Funkar,https://www.bbc.com/urdu/entertainment-58894946
Fun Funkar,https://www.bbc.com/urdu/entertainment-58913303
Fun Funkar,https://www.bbc.com/urdu/regional-58887859
Fun Funkar,https://www.bbc.com/urdu/entertainment-58867413
Fun Funkar,https://www.bbc.com/urdu/entertainment-58874335
Fun Funkar,https://www.bbc.com/urdu/entertainment-58868066
Fun Funkar,https://www.bbc.com/urdu/world-58846426
Fun Funkar,https://www.bbc.com/urdu/entertainment-58860011
Fun Funkar,https://www.bbc.com/urdu/entertainment-58839418
Fun Funkar,https://www.bbc.com/urdu/regional-58806116
Fun Funkar,https://www.bbc.com/urdu/entertainment-58788299
Fun Funkar,https://www.bbc.com/urdu/entertainment-58791999
Fun Funkar,https://www.bbc.com/urdu/pakistan-58786588
Fun Funkar,https://www.bbc.com/urdu/entertainment-58751770
Fun Funkar,https://www.bbc.com/urdu/pakistan-58777806
Science,https://www.bbc.com/urdu/science-60187363
Science,https://www.bbc.com/urdu/vert-cul-60165971
Science,https://www.bbc.com/urdu/science-60143591
Science,https://www.bbc.com/urdu/world-60079618
Science,https://www.bbc.com/urdu/regional-60179946
Science,https://www.bbc.com/urdu/science-60157357
Science,https://www.bbc.com/urdu/science-60117376
Science,https://www.bbc.com/urdu/entertainment-60152856
Science,https://www.bbc.com/urdu/science-60133457
Science,https://www.bbc.com/urdu/world-60137094
Science,https://www.bbc.com/urdu/world-60133448
Science,https://www.bbc.com/urdu/world-60130209
Science,https://www.bbc.com/urdu/science-60132166
Science,https://www.bbc.com/urdu/regional-60136943
Science,https://www.bbc.com/urdu/science-60115903
Science,https://www.bbc.com/urdu/regional-60130210
Science,https://www.bbc.com/urdu/world-60117374
Science,https://www.bbc.com/urdu/regional-60122873
Science,https://www.bbc.com/urdu/vert-tra-59128453
Science,https://www.bbc.com/urdu/science-60079258
Science,https://www.bbc.com/urdu/regional-60107706
Science,https://www.bbc.com/urdu/regional-60104619
Science,https://www.bbc.com/urdu/world-60101391
Science,https://www.bbc.com/urdu/vert-fut-59931889
Science,https://www.bbc.com/urdu/science-60064504
Science,https://www.bbc.com/urdu/regional-60101390
Science,https://www.bbc.com/urdu/science-60094657
Science,https://www.bbc.com/urdu/pakistan-60079650
Science,https://www.bbc.com/urdu/science-60071986
Science,https://www.bbc.com/urdu/world-60087248
Science,https://www.bbc.com/urdu/regional-60046646
Science,https://www.bbc.com/urdu/pakistan-60079259
Science,https://www.bbc.com/urdu/pakistan-60058767
Science,https://www.bbc.com/urdu/science-60049629
Science,https://www.bbc.com/urdu/pakistan-60053909
Science,https://www.bbc.com/urdu/science-60064503
Science,https://www.bbc.com/urdu/pakistan-60068182
Science,https://www.bbc.com/urdu/science-60055045
Science,https://www.bbc.com/urdu/world-60057689
Science,https://www.bbc.com/urdu/pakistan-60059914
Science,https://www.bbc.com/urdu/world-60064502
Science,https://www.bbc.com/urdu/regional-60047793
Science,https://www.bbc.com/urdu/pakistan-60055044
Science,https://www.bbc.com/urdu/regional-60052041
Science,https://www.bbc.com/urdu/regional-60047593
Science,https://www.bbc.com/urdu/world-60031938
Science,https://www.bbc.com/urdu/science-60045296
Science,https://www.bbc.com/urdu/regional-60034533
Science,https://www.bbc.com/urdu/science-60020927
Science,https://www.bbc.com/urdu/regional-60035169
Science,https://www.bbc.com/urdu/entertainment-60023347
Science,https://www.bbc.com/urdu/world-60034530
Science,https://www.bbc.com/urdu/pakistan-60020352
Science,https://www.bbc.com/urdu/world-60028476
Science,https://www.bbc.com/urdu/magazine-59946816
Science,https://www.bbc.com/urdu/world-60009677
Science,https://www.bbc.com/urdu/sport-60013575
Science,https://www.bbc.com/urdu/pakistan-59991333
Science,https://www.bbc.com/urdu/sport-59943744
Science,https://www.bbc.com/urdu/world-60006803
Science,https://www.bbc.com/urdu/science-59953632
Science,https://www.bbc.com/urdu/science-59997838
Science,https://www.bbc.com/urdu/science-59991656
Science,https://www.bbc.com/urdu/pakistan-59981171
Science,https://www.bbc.com/urdu/science-59748476
Science,https://www.bbc.com/urdu/pakistan-59978271
Science,https://www.bbc.com/urdu/science-59954748
Science,https://www.bbc.com/urdu/world-59973031
Science,https://www.bbc.com/urdu/science-59962830
Science,https://www.bbc.com/urdu/science-59963919
Science,https://www.bbc.com/urdu/pakistan-59962736
Science,https://www.bbc.com/urdu/pakistan-59960846
Science,https://www.bbc.com/urdu/science-59946502
Science,https://www.bbc.com/urdu/world-59958249
Science,https://www.bbc.com/urdu/pakistan-59954032
Science,https://www.bbc.com/urdu/world-59944432
Science,https://www.bbc.com/urdu/science-59948063
Science,https://www.bbc.com/urdu/science-59933575
Science,https://www.bbc.com/urdu/science-59940209
Science,https://www.bbc.com/urdu/regional-59936010
Science,https://www.bbc.com/urdu/science-59870140
Science,https://www.bbc.com/urdu/science-59933281
Science,https://www.bbc.com/urdu/vert-cul-59930593
Science,https://www.bbc.com/urdu/world-59845317
Science,https://www.bbc.com/urdu/science-59925418
Science,https://www.bbc.com/urdu/science-59926672
Science,https://www.bbc.com/urdu/pakistan-59809180
Science,https://www.bbc.com/urdu/pakistan-59917420
Science,https://www.bbc.com/urdu/world-59870944
Science,https://www.bbc.com/urdu/science-59896361
Science,https://www.bbc.com/urdu/science-59907311
Science,https://www.bbc.com/urdu/pakistan-59903387
Science,https://www.bbc.com/urdu/pakistan-59902660
Science,https://www.bbc.com/urdu/science-59748468
Science,https://www.bbc.com/urdu/pakistan-59890760
Science,https://www.bbc.com/urdu/science-59879050
